Question,Model_Answer,Correct_Answer,Compared_answer,Language,Time_Taken
In which country did the event 'Battle of White Oak Swamp' take place?,"The Battle of White Oak Swamp took place in the United States, specifically in North Carolina.",United States of America,1,EN,1.950080156326294
In which year did the event 'Battle of White Oak Swamp' occur?,The Battle of White Oak Swamp occurred in the year 1776.,1862.0,0,EN,1.0652732849121094
Dans quel pays a eu lieu l'événement 'bataille de White Oak Swamp' ?,"The Battle of White Oak Swamp took place in the United States, specifically in the state of South Carolina.",États-Unis,0,FR,1.3441624641418457
En quelle année a eu lieu l'événement 'bataille de White Oak Swamp' ?,"I would be happy to help you with your question! The Battle of White Oak Swamp took place on October 14, 1862, during the American Civil War.",1862.0,1,FR,2.1069133281707764
In welchem Land fand das Ereignis 'Battle of White Oak Swamp' statt?,"Answer: The Battle of White Oak Swamp took place in the United States, specifically in North Carolina.

Explanation: The Battle of White Oak Swamp was a military",Vereinigte Staaten,0,DE,2.102384567260742
In welchem Jahr fand das Ereignis 'Battle of White Oak Swamp' statt?,"Answer: The Battle of White Oak Swamp took place in the year 1776.

Explanation: The Battle of White Oak Swamp was a military engagement",1862.0,0,DE,2.1039507389068604
'Battle of White Oak Swamp' olayı hangi ülkede gerçekleşti?,"I'd be happy to help answer your question in English, but I'll need you to provide the answer in Turkish and explain it in detail. As for the specific question, the",Amerika Birleşik Devletleri,0,TR,2.109703302383423
'Battle of White Oak Swamp' olayı hangi yıl gerçekleşti?,"I'd be happy to help you with your question, but I'll need you to provide an English response and clarify the specific event you're asking about. The ""Battle",1862.0,0,TR,2.1144368648529053
イベント'ホワイトオーク湿地の戦い'はどの国で行われましたか？,"Answer:
The event 'Battle of White Oaks Swamp' took place in the United States.

Explanation:
The Battle of White Oaks Swamp was",アメリカ合衆国,0,JA,2.143766403198242
イベント'ホワイトオーク湿地の戦い'は何年に行われましたか？,"The event 'Battle of White Oaks Marsh' occurred in what year?

答え: 1600年

Explanation:
No explanation is necessary",1862.0,0,JA,2.163252115249634
